professor,icr,gcr,ccr,cr,tsw,ps,rwl
kann,4.36,4.375,4.367,4.2,6.69,4.38,4.9
kann,4.48,4.125,4.333333333,4.3,7.052631579,4.368421053,4.5
